Id,Price
4567,166344.69
5925,125087.59
960,140601.21
3848,118828.74
746,196135.48
868,306423.49
672,116144.29
2471,213877.33
4510,120174.68
8354,272959.28
6393,176956.82
13270,227510.66
5250,245706.66
16751,176926.9
11404,131936.03
10588,356245.51
14925,193223.09
6791,223356.01
16097,193739.27
16428,357217.82
6945,351627.04
3190,188419.12
15709,441320.51
13155,156930.4
7675,186254.04
14686,233934.72
609,144677.25
11155,179012.46
10869,192989.33
15742,180747.18
9245,201424.12
3340,157830.94
2359,285840.27
8070,199554.04
13707,123414.84
16079,264322.56
15937,296233.07
14090,184833.22
9008,217279.46
16384,171093.85
11657,257992.18
13151,152182.85
8990,163830.43
11857,178990.24
1565,158812.72
8174,103177.34
9247,244316.29
10478,220490.74
15509,143936.02
8306,242491.11
6642,183332.66
7472,199828.34
15989,135347.93
13682,131476.16
163,232758.75
7076,206545.38
7478,361706.95
3029,189867.28
1814,142337.88
10057,126265.53
15100,196529.85
12694,218908.62
6291,186528.94
12603,173986.63
3218,223594.8
13456,123684.31
10170,228725.7
4530,157871.25
13329,172131.64
4820,142230.92
10896,172824.58
13416,111445.54
2701,219259.54
11265,316933.87
9189,254723.94
1858,167113.31
14536,241307.89
6199,304817.44
14730,149199.11
7510,258316.7
15505,172438.91
7446,190859.06
14016,182147.4
14113,113651.55
8721,302514.61
6193,311843.56
5717,172545.16
5427,290190.78
9520,513223.26
6869,103117.97
1658,159037.69
6639,229763.46
6283,189770.27
6257,126801.04
15235,177346.69
902,201303.83
8932,177750.88
16469,325605.06
2825,294547.41
6450,440219.7
11366,186094.32
3801,391289.91
11385,213343.71
1079,189343.28
3202,242282.82
676,219575.03
6185,296801.22
7730,169094.71
2573,181483.13
10978,202445.63
10962,253219.82
8870,194195.94
8496,183578.51
5517,163460.59
927,181074.94
13675,210364.39
1499,218589.4
15536,328865.8
8602,342106.57
12137,416634.02
9865,259817.02
16353,297149.6
15908,209913.83
3944,178072.29
10359,198998.35
15158,228353.76
3259,221732.92
7220,307727.88
13843,213084.07
16736,178736.72
702,236920.03
16401,7505.43
12134,185703.22
6918,210688.74
11792,123464.05
3798,123811.28
10395,134148.9
11099,138917.47
7090,213545.05
11260,186256.19
9647,207580.48
2903,368383.13
2071,184511.76
8604,196136.37
9346,223492.47
3945,200380.91
3420,126811.01
10842,122840.18
725,157879.0
13931,194078.08
16330,237249.45
9066,386966.33
3326,272091.56
1556,276596.32
6579,94446.84
13877,133730.59
9857,339606.68
7302,265282.63
5684,210819.98
6513,226983.4
11342,111161.83
16561,227733.05
6885,173176.05
9308,167866.13
2559,188769.3
6648,180519.07
15260,174425.11
5113,190711.14
16492,189488.04
12034,289821.17
7248,225049.88
2171,216501.05
10594,153309.59
13241,197470.67
7032,146160.13
4884,171880.18
903,232331.32
162,161265.53
6566,268091.26
8249,138268.17
13106,231559.76
256,122214.08
7976,168775.25
8575,161107.16
7591,293693.95
3204,183720.67
15804,178072.79
1525,310632.62
9038,204619.93
13628,191423.06
10016,204805.09
10208,221844.72
2008,199625.96
13029,202780.15
5099,127836.02
9923,284471.48
9461,115847.27
11086,163055.6
15057,259781.18
10689,173518.34
2053,228961.84
16630,189043.71
4985,168016.63
13881,246832.76
13225,190947.97
5779,69274.5
10262,186376.32
10762,208860.37
9513,190250.56
11128,162508.5
2074,318848.12
933,194913.08
2780,182526.55
6594,114023.18
15394,251053.35
14863,145073.73
6698,206678.84
1611,267782.58
174,187594.04
5160,186282.19
3295,334661.53
4559,393315.07
8254,171188.38
10228,99111.57
13924,130567.43
15341,243132.2
4353,181139.73
4334,71632.4
1872,141158.27
7823,171712.24
310,134762.35
3704,247466.16
11615,358407.8
6605,201220.57
3381,186419.09
2143,138781.84
3191,261690.71
13980,125585.06
15613,172156.32
10943,335303.47
9654,123113.46
16053,595676.27
14931,225233.25
8299,250808.94
2147,168190.58
11567,321859.23
5905,138444.02
11160,111048.24
8275,147784.52
16398,255303.48
11229,179207.13
10309,159992.53
7340,260303.79
7653,162386.25
272,215076.69
9831,211332.82
5016,123027.16
5968,70072.94
796,247187.72
12123,125285.06
16629,177088.7
2637,168014.67
6194,230350.41
6216,309327.47
14346,184339.39
6428,129861.06
2891,232325.98
84,166795.32
9260,221956.03
15250,120945.11
2348,207649.83
10427,284616.28
13230,255582.85
1691,219743.97
8803,128697.54
5464,197310.0
10559,115905.56
16787,305526.99
4278,158032.24
6183,165615.58
12775,161318.78
10104,183143.15
13663,187175.68
9404,270062.48
14724,225130.75
10040,176979.77
4646,193915.74
4754,156059.64
3310,224261.83
2003,178803.18
7312,189251.36
10921,228249.6
13419,282442.52
10105,164882.53
2196,432105.39
12659,239738.42
4380,264883.14
10847,146770.89
10805,272632.22
8709,93051.58
8319,180669.15
2215,186601.47
7000,200297.21
7701,109634.68
9678,188006.76
14026,211669.09
7971,165255.46
13734,153544.54
16483,200796.02
6150,204053.46
2931,280281.5
5418,190512.29
1662,472266.53
2441,224619.07
669,120892.46
7734,179654.05
6010,296300.37
266,139172.42
632,142189.9
16221,106486.05
11832,180826.79
5035,123267.84
37,111859.94
6168,180539.89
11757,182941.78
8086,125713.55
6529,229480.38
15121,168191.63
13904,140482.37
3711,173226.62
16563,132589.2
14494,172178.13
3006,214496.8
15299,117834.27
92,271298.84
8066,177360.88
16071,207637.72
10662,132257.81
3883,220215.21
5511,121437.8
2821,277719.85
9570,175232.02
4326,267894.94
9251,246970.22
9031,207127.91
12689,170894.3
16380,235964.31
1053,284301.33
4568,177974.14
16140,112583.16
14356,361159.42
8466,182120.09
15652,144707.46
3285,122933.97
3198,164268.56
14088,428626.56
2268,118816.34
15472,216808.87
1203,191172.31
7157,368197.96
6886,205161.91
5083,239155.97
7467,111721.38
14068,199000.03
2080,170982.88
10865,157531.82
13516,188790.73
14150,208172.07
7609,121465.02
2144,371439.73
10357,202587.42
2396,238741.37
1526,288898.53
10890,250864.49
8638,474774.05
6050,272782.61
7639,104675.0
10544,197418.89
9577,234033.96
13195,212561.2
3484,222010.04
16668,437700.77
7171,190810.36
8547,208821.86
12735,208395.95
9093,192821.8
15323,293953.28
14897,143902.22
5135,127221.0
5327,210922.75
13133,247471.7
1676,290120.72
16296,301874.88
1095,150919.86
12528,154180.54
7348,273456.19
11663,172914.75
1803,197008.01
1510,232610.95
16045,182474.42
2900,145081.37
3236,171253.36
1318,213266.51
14948,219166.34
7840,303012.64
15325,184849.79
8700,157156.01
15706,196792.11
14449,157643.5
16117,183131.32
4529,177263.75
11199,196926.16
4052,344945.56
821,201490.75
68,233339.6
554,115204.68
452,177802.8
11394,307196.26
11393,180950.94
9535,152340.29
4024,185436.62
10069,217640.97
12007,168518.7
12368,431593.15
1259,359462.01
1124,320076.85
3707,185729.48
8767,175587.1
1919,166340.57
16741,165881.8
6664,292790.55
5688,367217.07
7799,166995.45
14843,321684.3
7532,151412.18
8133,161027.04
6264,349397.35
4125,163394.2
2410,167361.22
13607,215147.83
1716,282595.41
1370,140228.82
2273,427877.1
15298,313105.75
4284,258614.16
12303,145984.74
7808,137058.36
2203,147692.82
7237,129848.45
15864,141305.15
2844,115549.47
5729,161644.72
11812,395683.82
1779,140977.22
6442,138504.51
6160,205746.76
8266,206781.77
9903,156063.63
2867,138194.77
6998,176590.4
13932,172128.79
12587,172800.45
3611,248633.52
2646,301449.24
1890,160571.22
860,264701.66
14187,197338.64
12569,301035.43
1276,91503.04
12025,201717.91
4890,265085.21
14410,327151.26
10352,263403.6
11407,172517.18
10384,165140.82
7622,262022.23
12578,169259.57
15820,170572.88
563,208426.59
15226,157782.43
6396,213151.52
6247,144643.58
3339,152653.28
10975,306091.18
7475,116700.97
11129,158069.37
3051,257390.88
10232,254376.21
14106,182890.44
5502,232688.87
4558,73247.37
4181,133688.96
8426,123587.38
6611,163755.63
14641,142310.6
15539,264696.69
13119,126487.79
11716,187035.11
7316,243526.64
7791,113480.33
13034,324418.36
1068,237990.06
4060,164316.59
10172,223374.53
2591,183994.15
12494,359165.21
7828,306895.35
15284,182917.43
7947,176336.34
16335,223929.69
10234,349061.29
2797,261978.99
5341,218693.23
3059,220472.43
1559,71803.23
15320,281552.24
10284,352831.58
4134,204308.45
4481,195149.6
7222,176496.37
4062,237964.27
2192,225882.53
9637,198154.35
16236,175774.65
4272,166854.42
9406,274350.34
14309,214937.69
1946,305514.46
16235,230210.55
7146,173071.98
16784,230166.31
349,324157.03
6251,169927.47
5128,341948.75
11718,178338.07
16721,90830.65
12517,228630.27
15961,182489.72
9428,164255.19
14541,152441.96
10168,118643.36
11270,161410.21
13210,184360.43
11518,170076.49
12612,161797.46
16352,123221.97
9935,128025.05
15521,303693.73
11482,193366.57
11443,175802.42
9459,225011.98
9218,159933.08
854,154352.59
5619,122934.5
9208,179467.5
4391,122798.52
15207,162126.57
7183,183388.81
16442,219192.51
7936,88553.91
10606,346231.56
4979,156058.9
4854,310051.18
16476,129706.83
10516,174191.51
16261,258352.95
90,424342.48
5433,176423.8
14338,142607.06
13487,206685.22
8211,493360.73
170,9273.0
14051,103588.9
10686,202600.8
7595,303743.34
6777,375042.35
14661,176501.25
13991,314801.08
16795,173716.17
2740,129647.52
7368,339887.39
2413,246609.58
1852,503763.59
15200,372755.97
8467,301890.67
16379,320550.98
3375,182245.2
5945,451650.88
2641,156037.68
2837,345615.86
3498,222290.86
10876,144833.45
1285,234567.86
9285,233400.19
4015,326105.13
2526,193490.25
7814,216423.59
7117,304048.84
12359,119213.56
3303,271038.53
13874,163790.56
5484,189065.08
15067,160831.11
12639,220795.05
3388,228583.3
4256,206841.02
15738,177306.24
14049,179669.41
15780,178505.73
9564,169636.6
11910,209360.01
11315,219338.04
1733,163733.37
3910,344985.1
7552,468110.6
254,195784.21
5222,207440.77
8314,225566.76
16743,262424.8
10335,104281.4
8226,291514.53
12254,207579.33
13152,212132.83
15020,187919.72
16349,214493.98
11924,152075.18
12543,191331.21
14114,237643.4
12318,252951.35
15383,170576.47
6679,163657.31
635,160931.8
15993,275400.2
11375,211340.8
11216,183406.6
15401,223532.32
11301,145296.02
13804,289187.86
10839,203023.79
1588,350571.58
3596,192107.12
5816,168619.61
8099,140749.41
6551,173968.3
14075,530246.06
13431,207223.22
9481,316379.45
5295,161554.44
15859,362073.6
10634,343280.35
444,232995.74
11686,239711.91
1213,205401.87
13970,185622.45
6849,455324.28
9911,249212.79
5649,150410.47
7184,276075.76
5877,292762.09
1655,189863.25
15301,203647.83
12389,240845.11
5241,274927.39
7048,169445.72
10574,137675.42
8593,134634.41
4752,178582.28
14663,182479.26
10994,210174.57
87,73416.37
5132,123762.99
6372,381963.74
7411,311034.87
3319,241933.07
9355,131505.13
5139,278184.62
56,297034.86
3249,161795.68
5047,85019.51
13238,358514.78
2190,247796.25
15599,178350.05
6542,156631.23
1968,187809.52
5630,157326.56
9157,188507.48
789,187536.14
1413,266182.67
12514,246652.6
13459,139835.89
1345,231448.32
4034,200110.97
15169,144889.26
6770,256821.44
3334,171868.48
12998,158774.82
15870,246401.74
1871,159749.39
5770,161771.05
13196,116695.59
7633,206827.14
10699,211487.42
15470,188831.77
1903,552110.7
13860,210394.26
7649,200513.67
11043,227601.41
2922,228409.8
7538,427769.39
9477,118905.05
117,508394.9
1457,254042.85
7082,171972.98
3053,257165.49
12522,109572.28
5744,542961.84
13566,371385.26
1464,139510.13
3852,120930.08
9557,225527.86
14719,438262.47
13978,129198.22
3286,158607.15
13019,370616.86
1421,153317.49
13502,176920.25
14811,116685.55
9297,312879.35
7749,558026.67
16555,137869.28
14576,201920.89
12766,154257.07
4679,122259.34
10033,204706.87
11231,232090.69
15112,170089.38
10617,185620.01
2175,175175.97
16502,481667.93
10106,187119.31
12561,151516.84
15907,301206.76
8069,123810.99
8316,125341.24
12343,245671.89
12092,146363.81
1527,177066.02
10010,209094.24
655,102975.41
10549,144024.78
3248,117681.33
13499,290588.55
14959,201997.04
6070,163332.26
11360,247781.21
12102,200215.08
11870,325834.08
3713,79933.05
3230,144888.01
7742,221719.9
15092,341579.14
8728,318186.77
3386,143529.18
9409,146797.27
16545,263126.43
3127,172552.86
11344,188488.78
2112,214111.96
7310,199544.48
6313,190327.26
3681,407170.81
5114,359924.75
270,155863.49
14350,183488.64
12223,364529.46
1066,180460.78
16116,351161.98
11410,517962.39
4088,164777.74
5956,169151.43
14669,141801.54
13871,136992.94
4126,226212.55
12114,189063.17
16607,163187.93
4266,216495.09
13518,194312.32
11856,293643.59
3885,252313.93
8891,163747.42
4964,170179.48
7696,164448.57
6894,90921.46
9766,173463.94
4800,150506.71
2840,192895.55
4743,172171.58
13562,505928.51
8301,202421.99
5405,186552.86
1535,166562.15
9073,125037.93
1698,346026.95
12262,244864.32
6794,178030.78
12701,193895.09
8432,171067.01
13540,134754.85
8629,161206.12
1440,178448.3
8596,206812.21
9575,264870.46
14976,102570.96
3149,208641.22
5157,173750.38
10748,171051.04
9719,394290.03
6376,175637.81
9733,182128.96
4749,212215.93
4994,409182.04
538,218123.86
5512,144139.64
9778,171056.43
9761,154232.98
3174,381457.23
13429,190760.53
10467,74575.33
14129,197825.12
13608,201013.81
11106,140792.62
12048,171839.57
1054,359833.31
3582,263897.14
1566,163909.98
11529,132666.48
11859,142218.23
10582,147613.48
14907,503088.22
14039,163408.09
10489,141946.24
3331,317316.8
10153,242387.2
5271,163476.85
11871,395325.76
776,131429.88
3994,129677.61
9433,69586.26
14275,141178.24
8030,245306.28
8169,285980.26
8053,197150.57
4822,246780.75
13197,222544.17
13634,271013.41
8951,164578.77
12176,242416.73
15471,139830.47
14962,143118.25
12512,127769.53
8697,390755.73
7095,216724.32
13639,217368.05
16660,166653.72
5848,140135.78
5386,198340.56
10880,309158.8
3954,172090.6
13426,242249.96
5966,209653.91
16315,293915.33
7455,186688.19
11071,223875.29
14740,228272.95
16087,192970.47
8931,228078.62
15289,141328.54
16089,252823.41
12128,183091.36
4724,214331.92
8585,215198.69
7188,224096.77
5423,156361.46
10488,195243.27
5980,218825.65
8376,234384.64
12397,149302.05
16496,194679.64
4891,222093.26
9710,140665.98
6339,176139.19
244,193537.94
5002,245974.26
5358,169847.43
7636,148245.89
9361,324335.72
3601,103790.07
15755,148934.38
172,182212.78
3037,333783.11
577,237042.95
3607,182300.16
2515,122115.57
10413,173720.81
10511,261995.37
4637,471429.61
12736,284638.2
9534,246694.85
11641,168114.28
10419,239801.31
15313,229969.16
14915,194061.72
12409,422022.0
9405,128168.05
14066,211248.72
14108,192872.82
11931,229887.57
11464,336216.32
926,143324.99
11190,219576.73
10260,182389.88
12712,183768.06
1234,221680.14
11608,104744.9
3776,241243.66
4881,203199.2
10266,166908.54
3262,221439.79
3576,377919.36
16604,430791.21
8041,227831.16
10691,239832.99
8357,179781.37
11661,147511.8
4453,233246.52
15936,215574.27
8463,266295.44
15770,237665.39
466,180666.52
14965,92329.66
11227,206053.91
9894,274990.66
11746,183710.4
4118,150623.26
756,331861.22
15589,191283.09
109,358883.4
5778,214621.2
1731,87033.76
3450,151038.74
2961,186713.41
222,171932.56
11454,372289.81
7339,182696.66
12096,106170.61
14074,205242.17
4058,490388.1
6603,259736.58
3289,108772.77
16681,263119.74
8200,335097.23
3343,237519.29
7802,201315.03
2082,365653.95
217,245310.39
1720,177091.85
7224,235660.06
6176,124398.74
12571,251673.13
16666,337511.13
8908,206853.36
6914,162003.5
5428,176175.53
381,176886.03
3991,194500.2
16365,251591.63
1046,216917.65
391,159450.75
9212,330724.99
3022,183360.09
9961,121101.22
6764,292336.92
7720,171355.64
4809,206880.87
8877,315605.95
7817,186750.75
10614,111348.99
5553,289294.52
16488,132139.69
11002,166016.34
13592,304563.41
15050,221011.93
13553,275553.91
9041,211080.49
5461,442797.08
16274,426772.27
2138,18745.86
6245,161599.61
8245,193698.48
6491,222781.49
13218,166662.96
13101,114122.72
10462,142761.48
4079,175616.28
1506,498844.47
14107,125021.8
12215,268212.18
11576,328155.2
10567,224707.01
12713,212886.77
1468,502153.09
2549,271143.41
4172,244472.87
12380,244502.13
3513,100334.98
8165,253196.29
1127,215962.2
14601,461231.51
15526,301505.78
986,344590.63
14968,206430.81
9348,172176.95
6317,266831.48
7497,93850.54
5079,319091.62
528,179819.67
10964,142154.61
5812,308892.7
11022,209655.04
16251,141340.17
5863,114977.32
8664,210174.38
5396,187584.05
6917,235329.2
12776,125116.92
473,268255.53
13333,226739.28
13023,182307.63
7357,215559.11
10955,443303.01
11914,362787.24
12535,152167.61
11205,181593.12
13209,196319.85
16119,339389.52
2174,263778.9
4834,208915.25
10151,173880.35
5584,191843.14
6672,210040.01
12858,285000.0
5106,176056.87
8884,173744.65
13766,171115.53
12556,128210.53
12910,231732.66
6258,124884.98
7100,220336.92
1793,194220.58
3335,177018.92
12835,176321.76
10591,160827.39
15707,239280.44
16389,155863.47
7440,366249.52
6293,178458.26
3937,195119.37
16527,163342.48
5102,243761.93
10734,301887.94
7986,159050.4
6495,83022.99
9571,253519.61
5131,213178.25
10761,373462.49
143,417511.83
13829,168765.52
13662,234902.06
1771,141067.69
5448,193962.66
8594,158198.18
12038,296111.43
16471,176518.35
16764,144397.17
1282,173953.37
15101,256308.23
9473,135554.14
2324,415175.49
14448,218962.08
6000,73706.62
2077,133732.25
12960,234243.1
15837,204648.14
8805,257268.61
9987,236623.1
1580,257309.94
11089,125455.69
10926,221982.65
12773,446401.87
6490,299331.0
10858,126928.26
2831,99651.16
16326,147027.61
371,185168.75
8852,192199.34
6713,262066.33
4230,187133.8
3639,222382.74
3642,187316.66
5149,192331.07
2861,200992.62
13300,97214.4
2807,319619.08
5919,105809.05
12716,541085.32
4271,242930.4
16055,251995.93
3747,183773.16
5857,276261.44
6884,307688.17
16027,282760.22
3512,304866.71
5181,172304.56
16732,268580.97
1908,180140.68
12082,172018.39
7286,137996.15
8216,136711.15
6929,334728.33
3950,313467.32
12479,178097.3
877,133079.1
1366,176462.43
384,131014.58
5767,212279.28
6910,157953.78
187,198166.26
10164,216456.92
8603,242163.36
15834,173835.9
3078,128362.89
3479,251520.43
6671,236593.42
6078,177054.49
16271,112008.11
16191,161897.96
11544,172702.85
7781,177375.78
14918,261383.46
6238,198214.28
12989,193983.96
11907,246493.7
9696,153517.1
14084,352809.19
3895,147483.66
4367,184147.87
8453,64726.85
7638,362538.7
8373,242741.07
4674,194851.04
15787,145112.47
5903,302815.06
13679,201396.67
9018,313965.05
15823,249005.7
13289,145445.98
9896,206605.6
14436,190011.35
5547,238419.97
4048,452223.13
16579,194752.42
8550,204071.37
9385,285751.89
5242,160621.15
31,222694.23
6144,309811.57
3990,197043.21
2523,86881.02
12608,253494.63
7234,177820.83
15264,201194.38
9623,199942.79
3161,326482.45
7425,105970.17
13021,284489.52
4044,151514.86
15411,243314.74
979,285187.7
5514,244395.69
4817,173955.69
2115,193932.36
10571,285264.97
8992,225945.48
15546,181986.43
11359,124655.17
11972,186928.51
12838,167975.17
5948,123504.63
422,300501.01
4855,162818.11
16197,120964.62
8926,418461.3
5703,189774.61
8848,203389.08
7039,296710.04
3806,157530.57
15154,205722.18
13132,181783.23
7438,204294.42
4398,211658.85
2440,178643.04
3751,148864.98
1476,174240.45
2264,292730.65
16444,162814.1
10704,145486.77
4033,149473.64
4508,118604.15
16290,227601.86
10387,203717.37
5457,151477.07
4910,283982.98
7451,213062.8
10732,179345.62
8015,126896.35
6148,183488.74
5892,243637.35
7825,226740.26
6851,226629.77
6633,204587.4
2139,279679.38
10213,279639.87
2830,204647.94
13907,142862.32
15897,348630.14
8311,179371.11
14230,166028.39
3878,184462.17
13732,169915.74
12110,174938.64
10675,356123.46
12946,123986.27
16754,228356.02
4394,249071.66
16728,166532.75
14378,327452.06
9949,170291.08
994,182084.3
13258,157429.05
5883,418108.95
6933,322440.87
13193,213139.74
13286,168941.73
13407,368527.12
7512,121079.67
7221,191946.59
14428,123259.61
1740,196091.34
3,155061.5
12952,207990.62
11537,124137.55
2558,134495.47
14081,267877.4
3517,230776.2
7149,222400.49
15777,115137.07
8995,254398.31
826,358028.34
509,297051.56
14875,310657.03
6591,166136.17
11283,116319.34
9897,248492.35
14902,180470.99
14291,149194.17
3162,234785.54
4206,183765.67
11580,200012.4
2007,217872.69
14939,234552.05
13572,149101.68
10720,161766.08
4253,297886.38
10857,113105.47
6254,172325.39
14681,240676.19
8080,129556.01
8006,177722.83
13135,151496.03
4527,248075.0
12688,210173.19
15920,126150.08
16786,123161.89
16637,184518.23
949,143807.48
10696,291348.08
605,232844.87
10819,211667.29
9490,156895.99
1813,199408.85
15958,309672.63
10873,374275.21
14381,211297.69
5745,138351.26
286,263769.95
14799,293778.3
437,168986.75
12172,69058.38
8534,128767.65
14463,436952.88
13672,175470.6
6720,192348.61
16057,209595.48
2659,509734.1
11649,160573.46
4478,124074.22
555,303267.75
4819,266176.95
15188,324172.23
16115,181251.4
11427,99069.82
15483,142419.09
829,180985.45
13576,263123.15
13810,223865.2
1052,153020.12
10673,143887.83
8525,353225.3
13154,229285.65
13856,163977.33
5125,250405.66
5551,215144.94
14262,204749.06
8872,138978.91
10341,245373.19
7231,161930.59
10950,223903.73
4031,164262.71
13852,130546.86
5886,276313.94
859,437920.78
9436,189063.13
13638,331754.85
15337,191659.67
5506,249685.83
13550,107749.66
12630,168249.54
6466,121449.53
3282,152951.29
4474,139118.7
138,216560.49
15490,195416.5
11584,236011.0
13309,150406.9
8860,331264.7
14037,199267.39
1329,211191.67
2198,622572.4
1210,329483.76
10076,190095.93
6692,350962.98
6074,120798.75
13921,186264.54
1646,312936.03
11676,198539.66
683,116036.04
4839,124137.12
12392,155002.43
5206,177143.57
9104,337928.93
15554,203618.46
1590,187398.28
7894,284295.16
9286,159882.7
15364,342062.25
8260,255434.36
5746,127337.43
3357,354267.33
4755,178069.31
5896,122348.54
16520,214363.46
8880,208555.05
9321,230671.43
16463,162248.12
4861,178887.76
5687,194318.02
2785,299928.55
5571,257672.94
11070,471746.72
11577,222613.63
3993,144430.94
10908,225045.66
3696,191335.29
1755,138615.23
4053,193832.46
11954,262183.57
15294,178307.61
12452,217087.1
2202,145507.54
13564,207069.59
5134,268242.1
7447,122904.55
5929,138959.8
16714,177031.26
13005,297792.02
11740,238780.41
3535,173227.16
11837,224552.48
7382,188549.78
16709,217706.46
5908,225430.81
16333,263459.6
14776,241731.96
831,188325.96
5944,186179.96
1764,292491.28
5782,139193.49
7091,272824.54
7871,184937.18
10449,180480.39
15137,114303.98
2181,370611.19
8667,284964.7
4207,242226.96
3528,205001.58
5611,135430.78
5894,205822.95
14255,150655.87
16064,118771.41
5076,222649.65
3537,70503.98
6369,110863.88
1938,200665.25
11844,243529.52
7717,96706.19
3800,404289.75
6897,205941.25
255,252287.76
607,199522.8
6368,287090.28
15211,256999.3
13229,166737.84
6091,233063.72
14260,181940.31
15104,122208.77
7378,92595.32
12575,170174.47
137,160917.32
14572,218819.26
12530,169379.26
512,205462.41
7251,310980.1
4545,354525.59
14928,483326.96
3934,178404.97
12097,320208.18
10979,184965.06
16455,266270.35
4190,147207.92
7577,284823.37
11609,301689.22
2346,178503.79
7363,281653.58
13535,179536.68
9864,188574.4
16645,394491.33
2689,347561.98
5994,129630.13
14493,249265.05
7391,181960.01
13674,243107.67
7137,256642.39
5438,179792.84
10693,246567.94
9037,358145.89
14329,277178.96
11660,384833.7
9734,141103.38
12046,191042.72
11704,289440.43
7843,159966.41
3499,156789.45
16012,81608.1
15759,347200.87
10884,172038.35
9115,86305.42
4066,323457.44
12745,192985.85
9627,250010.45
12977,248549.26
7620,86327.08
11955,178206.74
271,254232.72
16091,293870.44
2193,435118.24
6190,164358.05
7071,212981.92
14320,103730.45
15578,160661.82
267,155463.62
1930,177732.44
7426,145492.0
13890,159274.81
4176,182706.56
5453,181999.21
5526,230475.43
8780,258119.6
10299,183467.49
959,445470.85
3458,91476.06
5363,384584.59
9281,146133.89
8076,180643.07
2492,269830.74
4746,138690.49
11380,218877.71
10881,181340.93
16392,206940.21
8071,171931.87
16740,124143.83
4846,260483.42
5299,311656.44
2046,254406.44
11623,216853.29
6539,139082.4
12234,259018.64
14240,175191.05
3443,132250.5
2127,155087.82
11259,142198.33
7889,127581.67
16655,219107.02
15790,144809.47
3686,110172.67
4392,162661.84
3103,246038.78
7047,187345.68
13014,365196.0
11269,415417.78
4304,403729.03
13513,211643.67
12969,99754.02
6966,197932.07
8883,118206.47
6064,200996.37
12341,195072.38
10107,252041.72
130,185655.59
2406,367236.43
6089,253723.08
316,121058.19
15812,270444.32
7053,409377.03
14691,304787.04
11881,170606.76
13503,174448.39
9569,211712.76
9846,365703.2
14415,183436.06
14873,196455.74
11180,319391.26
7256,209965.8
3721,190159.69
1211,229354.64
14887,205838.29
16220,409784.96
15451,190568.78
1602,262543.75
8917,279018.22
15595,109660.18
15242,199073.57
3957,247139.5
14923,99004.11
3087,160433.32
12959,404877.92
13631,152539.81
12704,319453.88
15197,181566.51
12599,178303.75
8761,196806.23
13013,158818.2
3464,209529.61
2366,153918.4
10845,167846.12
8092,187008.08
10528,207421.66
7132,170425.96
8958,178312.98
7959,118203.24
4847,227558.19
1477,407970.78
8264,352761.93
10048,140381.01
10492,256615.36
3859,403531.56
8676,436862.33
8146,247871.54
1619,283361.26
12609,103113.96
11001,205047.46
3644,218075.75
8362,322235.98
537,150898.28
1298,123846.85
1023,273827.9
8659,207569.82
11538,201147.89
16036,168911.38
2392,321115.21
12099,377681.33
12935,141639.12
1050,150555.52
3068,248860.78
2083,167367.68
7652,296410.76
8696,249528.17
11183,421905.57
11386,142634.99
10752,338635.67
3371,349630.19
4149,189716.53
16775,186623.39
12187,172366.36
14421,225869.13
13693,216226.27
6560,225981.58
3497,194427.24
3396,172437.23
1223,210894.42
14796,150974.67
16190,271686.06
6060,271288.55
10111,188901.09
10983,178438.71
11228,213460.34
13208,275471.41
525,416034.14
6923,162131.26
6785,216171.57
3731,239141.19
16577,222495.44
6518,216521.06
6610,175959.44
5509,126024.28
9942,336101.75
10148,263912.56
5351,134701.57
11029,109336.67
6561,142639.86
10056,146981.58
13913,163378.14
1906,155992.62
5081,181340.84
6341,342101.13
1859,183077.97
3336,256029.41
14163,145496.72
6204,416177.91
13285,213522.44
11492,223780.03
14596,108972.82
4696,370712.45
4771,311591.93
11296,142319.72
5851,171777.05
2850,195018.58
10011,153961.39
5988,166693.61
2316,79887.84
3211,177450.03
13525,157358.74
6383,132171.77
1420,10078.32
11748,292412.32
4222,232748.62
8363,238429.73
4412,250904.75
14384,153922.28
9844,162636.5
9315,250158.76
11604,216359.49
10644,231603.15
12995,182925.65
16615,357388.64
1959,201282.22
14562,189032.06
11934,226932.29
8494,145809.52
4255,235677.44
13000,180819.51
2461,370520.5
13661,215225.84
2886,219160.89
519,183094.99
5440,182770.14
10353,153869.93
12305,202122.97
2983,211939.49
12032,197748.48
743,281441.59
8250,117702.25
7890,159444.75
4722,430493.91
15358,189933.01
4183,186245.17
3970,314911.41
303,178534.8
2207,250596.42
4022,146112.31
1132,182871.85
12278,177924.16
9280,147879.68
14940,479322.92
6413,188407.89
15213,295204.12
9656,211160.62
12036,282204.3
3151,177691.27
15530,189127.14
13263,132068.62
6750,171970.38
11488,385337.85
9532,166510.44
8462,191381.02
11494,404787.07
10270,116455.23
5476,107075.06
12486,397999.87
5501,111804.94
15871,282931.41
14733,198695.06
6103,215670.28
7911,202627.91
4359,262872.19
9595,172581.95
13851,233847.61
7854,202523.81
8684,176715.87
15239,242822.37
10012,207125.32
14995,329212.5
9791,167052.75
5567,217626.88
10883,171571.24
25,174823.34
939,172757.78
9919,190539.03
6321,231719.03
16767,337470.02
16464,105254.96
3170,178077.93
1522,117251.91
5138,304076.56
797,140309.21
14586,94002.78
2872,203952.09
4259,215918.83
16616,257836.29
16512,177528.87
9663,228906.82
245,224429.07
16369,209183.29
5254,456686.83
8672,142008.3
8004,237510.61
3109,239151.54
2588,339271.92
8814,313170.79
15888,143531.03
14668,127440.85
13432,414962.5
7981,69797.83
2048,216304.34
1667,159627.2
2349,112609.34
6136,194880.39
8166,192892.46
1709,308781.8
14649,180035.63
9187,241779.66
2927,186601.57
10220,132530.45
6331,441465.05
7044,176871.07
1736,148180.49
1840,102555.49
4852,208219.34
13311,160422.6
3330,187075.58
7004,418768.44
12472,173524.8
7664,178183.7
16537,193682.74
15032,425603.37
5325,233293.88
800,226726.91
1438,153768.27
3953,158074.36
7135,260455.66
10371,93550.74
709,137576.56
4836,251013.86
14709,228578.74
2216,274913.31
11948,218994.35
5221,174055.03
159,343039.64
15775,137674.96
4818,212995.54
10222,227823.07
9867,215594.02
11763,286379.96
511,169085.83
9337,179880.45
15529,285537.94
9134,178387.44
2759,127755.04
1458,187602.63
13261,205454.3
11772,147953.42
8107,262256.37
13847,190197.36
14414,456451.17
12833,81781.32
5282,282720.16
13760,225163.11
430,198842.25
12580,174398.23
10985,375436.9
14321,142583.34
15960,408404.71
4803,235222.36
6741,139722.4
4046,174334.37
5060,267994.06
9593,296308.36
8088,241744.02
13888,187620.73
12065,190091.95
13336,167903.67
2449,204146.31
7499,297024.73
11082,143324.1
211,131900.46
11469,154396.34
5452,139703.82
7732,183169.86
10080,194977.97
15088,164818.54
6112,203954.51
7903,261807.98
2249,202040.44
79,176222.72
13941,160338.37
6693,197956.66
1156,301512.03
3877,162156.34
2864,162166.48
4519,134183.73
4712,143941.25
4642,200731.38
4766,214976.83
2429,290075.9
12013,236819.4
12309,215119.41
5505,123877.65
13711,186159.75
10483,376934.8
1648,241966.35
9391,197172.74
699,228381.81
7034,316097.18
10415,341525.94
839,211321.84
7602,205154.73
15682,251753.05
16354,379374.36
13686,170596.25
5026,214988.59
3081,308015.71
5009,188792.4
4173,413776.16
3228,179482.85
15482,343536.44
5700,226706.83
6252,205898.57
8207,85042.89
2984,141577.14
3507,413617.68
15950,94532.18
13377,258349.59
15594,186994.8
11798,220890.04
13493,180191.24
4976,180507.22
3771,192177.8
1107,168121.5
16171,360059.32
15257,189019.66
6221,185151.11
4936,179568.26
6343,178939.55
16109,216342.4
15352,213814.04
9489,210086.11
14029,210402.91
4879,314138.56
6828,143412.02
11950,87476.56
14964,157542.17
9074,170113.48
10514,222962.21
10702,193820.39
3476,197926.17
15469,305775.52
5608,172825.89
13446,502307.81
1683,224443.45
6759,113316.77
186,246530.03
7822,72190.0
7017,301391.46
1944,183444.48
10515,243061.98
2824,235842.91
3649,189910.54
8228,223990.88
6599,479957.86
9165,170915.84
12316,386324.23
11720,179781.52
13943,168349.43
15315,128922.89
14812,323323.67
4799,360144.3
2600,281021.55
5724,99748.55
3033,338350.82
2985,165316.05
8885,134423.2
12691,224368.27
15079,166405.73
14599,164232.07
7681,222541.92
5849,179795.94
675,210575.14
4343,149819.37
3122,181157.23
16602,183699.67
2211,173533.59
12965,151306.47
11016,73938.64
15756,154356.88
16151,150792.44
10746,129113.51
14130,163060.85
2231,188638.41
12325,216131.4
8949,329499.05
2859,130272.21
6797,266800.8
5793,273612.28
1000,286345.07
7364,131740.43
13802,253755.54
12755,338786.24
10782,175723.32
13169,95714.26
9007,344631.31
2118,183545.33
14517,205877.97
3001,169797.92
11913,157867.57
4030,238384.89
5323,183781.97
3572,147219.43
10290,173448.59
15321,313558.12
12795,178007.29
8845,180487.2
14559,211355.29
1435,295973.81
6180,177293.91
10590,180869.06
3889,164466.28
13160,207295.57
15254,202932.03
2436,153864.86
1770,251830.8
912,316507.31
12385,156585.06
2188,166216.16
13444,337128.31
11487,238566.41
14836,385764.34
4923,106121.97
15779,130501.24
8900,191122.2
10932,185080.61
6085,209160.59
6762,109445.32
1005,306235.09
16552,181668.66
13248,288672.01
6580,205793.88
10706,241569.63
8539,169477.79
10743,401675.11
9243,115190.69
10609,141688.61
9638,190955.43
5399,264046.45
1222,327215.27
4124,188595.71
2131,226072.81
12869,318365.87
7899,144305.22
3251,319243.83
11088,201566.44
14653,254846.78
3010,270301.03
12160,233056.8
6288,251212.98
14890,205275.51
13437,190273.85
2385,219416.32
16650,182230.87
10159,199780.98
7940,260014.27
12953,370046.34
9803,370094.9
14247,219156.88
5251,144387.75
14337,248174.88
9967,176656.62
4618,138908.87
15378,455108.07
8963,176702.87
2472,206781.44
8736,121261.66
14823,123860.13
8675,174593.71
13596,136608.79
16487,123067.4
12629,207288.94
11965,193304.12
4136,348474.25
13012,169335.4
5309,197759.29
517,353116.26
9553,166248.07
10120,15443.84
5991,217192.7
9862,160454.26
9420,160939.69
4968,246335.9
11904,310422.74
15824,175174.68
9365,135214.39
14879,158537.69
8205,230710.76
15184,133700.71
1918,246788.09
16013,277877.95
9802,182171.44
13752,248133.29
16156,206202.0
5194,110941.45
2746,387598.68
15982,227529.14
5605,184982.12
8288,215289.45
5707,368907.69
7933,197939.91
8324,235370.55
2506,153160.09
12293,145705.91
10551,162246.61
5346,496602.36
4197,236608.38
3237,158395.16
3390,362290.24
9751,178677.43
1391,227432.43
1928,211849.15
10992,279628.86
6792,335119.73
5663,179234.85
13280,195007.11
5218,70737.47
16748,257497.6
15835,166293.39
14850,198641.97
1359,160818.3
7428,206818.09
4201,108222.2
13089,83235.2
7182,171309.59
1467,444983.87
9829,212100.7
4344,194289.77
4129,155657.26
1905,168363.56
93,317254.27
8320,203458.83
12070,175883.3
8290,196387.48
11005,182190.69
116,226605.67
12275,311135.7
12588,474141.47
11378,158367.6
10961,198754.74
10251,238002.28
1152,238616.05
12167,179702.79
11569,211089.08
4141,410398.01
7614,129113.02
13805,99441.3
14680,158963.04
13543,391995.1
6786,190916.38
13529,181697.03
9158,88982.42
5360,179401.22
6098,247010.25
11174,219600.98
307,157769.05
1892,174089.69
6948,255018.6
2227,145127.49
12790,231814.6
3653,190567.84
2912,218116.19
16735,120762.94
5446,179718.18
8532,247201.55
10311,350926.07
10051,186965.46
918,168192.01
2766,149108.58
734,238654.35
6882,401954.18
15971,175389.98
1735,316519.89
442,199859.86
7228,244604.29
507,197453.86
8461,228105.51
4514,303890.78
4133,78537.42
14803,178309.64
14297,252873.07
9924,204442.59
13797,367875.12
8497,263160.57
8729,137144.19
16046,163752.03
15087,185279.6
2874,166230.5
7415,227270.71
13893,187446.76
12611,135735.82
7779,247512.14
8221,188868.76
7790,148606.47
12728,369882.82
3372,180396.26
12845,180993.11
13107,279272.32
2475,239164.83
5820,155786.93
14505,113776.99
382,163712.22
1339,166015.81
4940,212682.21
1481,69797.93
9025,253109.68
14636,170543.14
10668,104281.39
2025,227908.93
2910,171785.84
5836,200422.05
3444,129947.81
11165,207976.27
16000,176218.06
5281,403998.05
15350,259707.84
7321,223844.67
2863,224417.95
3563,175328.5
5094,226051.63
1027,197974.85
7953,211307.44
1788,200912.12
11061,174532.97
1839,306329.99
7766,190268.96
2250,211580.46
14701,143439.55
13149,254942.52
14040,195684.56
13370,242290.32
9312,450094.13
10493,149121.64
11985,212653.17
2698,221992.02
4659,173632.74
3002,154594.79
4795,248356.67
3986,126401.4
1753,489092.48
6681,207317.5
14801,200179.47
14252,290707.09
5017,152548.22
12267,295567.99
10681,177908.86
10800,173453.22
13910,160989.6
355,202066.09
12255,170971.17
10435,212826.73
13840,334835.61
7656,392246.24
1659,191223.45
2333,164940.97
4580,343622.39
12699,65845.76
9974,141229.25
14083,279161.96
15347,429510.79
1473,299738.83
4984,246919.08
9203,186337.77
5806,169853.73
5590,162428.66
4509,255783.69
763,225102.65
3067,334410.26
1143,365940.39
15403,214383.88
10793,225034.32
4849,71808.92
10717,187005.72
5430,174150.14
5874,409971.9
11286,198418.51
4407,127502.0
11998,213557.23
1131,211067.75
11920,267179.28
12404,327524.31
6552,186445.34
8459,186764.16
4704,212429.92
13883,187121.65
13830,176595.63
13273,227114.82
11323,147175.75
13257,122013.73
15846,133334.3
9132,297563.86
2909,71732.17
15927,185270.28
16500,279840.92
15974,159942.47
1278,175948.99
2893,217031.47
16128,182174.16
12794,205310.18
1341,371643.72
9219,280061.85
2982,182637.99
3113,165881.1
14358,171786.28
295,174312.09
732,237521.17
14926,169981.79
9155,357419.08
2045,170470.41
3879,289128.69
5361,374479.25
9750,437682.67
1711,209302.47
13269,127139.21
7020,184741.38
832,156018.46
4009,195861.06
5184,258532.19
13844,172118.37
12471,283587.38
1294,205868.95
6058,234516.41
15614,130578.45
7214,245415.14
9841,213260.83
4639,200930.6
5018,162868.65
1139,184972.4
2896,113480.23
7987,189181.64
13272,240351.62
13454,181636.19
14287,151071.1
414,377078.35
1524,113423.18
5818,128089.25
973,164671.05
2888,258014.0
6269,361299.13
7343,155109.87
14834,162485.42
10672,306498.0
2595,200477.43
12843,174784.45
8973,131328.85
13539,391916.25
12351,126824.75
12322,180920.82
13659,499185.4
14758,143445.82
14157,204038.93
9874,102128.95
11513,134630.86
5034,181950.77
6779,281293.32
8009,294260.47
891,321152.32
6663,189190.47
11506,235116.18
4740,298728.72
9254,305827.29
2609,199002.44
13601,127119.96
3862,203331.31
16490,200991.12
8819,176625.85
6836,174226.83
16232,176824.4
15988,129586.79
6009,230732.29
15339,170217.18
2953,123537.86
8340,194054.99
8723,220122.93
6760,218811.81
7960,127684.76
13358,334808.45
2009,69075.58
9977,179196.72
12445,338632.93
11130,269687.49
9205,366973.92
9078,239795.92
8317,161902.68
13108,299422.41
15196,193615.9
12406,137833.95
5946,135634.42
5538,226577.46
16264,220829.86
3752,215869.27
13995,180556.03
181,225971.71
13304,192231.5
4262,228644.23
11552,202018.85
817,439655.62
1198,223738.68
16535,70728.18
450,183276.49
13207,183920.06
1551,197239.99
250,197764.7
11528,172767.41
16350,175798.57
4573,136709.92
7990,351859.27
2372,202557.32
193,213814.47
8713,201669.4
7617,341812.59
1215,133247.63
3107,201325.91
8756,118431.73
15942,144007.82
7540,272501.6
14629,141467.98
8109,221113.95
10816,428107.52
10205,396384.17
4462,218051.11
9908,174603.36
11376,207009.4
16108,223337.55
13832,110738.99
3744,216004.92
15265,136757.59
5422,444541.68
2941,199169.67
15866,153547.87
15172,326144.38
15904,207063.35
5679,240481.13
5825,256180.87
3958,329131.36
8591,264263.33
1475,302921.57
2397,255319.05
12419,252374.69
7533,83900.13
10339,236375.28
8760,152431.2
13040,125109.86
5620,167760.12
4840,167076.45
10464,173759.7
7543,180141.37
1320,86902.6
2272,126447.81
6550,117927.49
4518,276658.66
2340,229135.37
1484,177327.47
1233,184380.97
12897,301781.53
15344,190842.98
7061,201954.52
13807,196738.13
487,154435.41
12297,171702.62
13452,185610.86
5624,177892.67
4483,122765.9
265,162113.49
503,207535.02
8919,258725.47
3102,120755.19
5190,385824.03
7699,190705.08
15080,222690.29
2439,275507.18
4387,239636.55
7427,148701.66
16056,179168.21
14546,375289.52
12353,183010.36
6991,224571.04
18,247969.18
459,280510.15
433,247564.67
12001,339029.05
4428,122305.66
2650,150808.27
5652,101965.43
9455,384985.7
469,289791.24
14997,180379.28
624,148249.53
798,247035.27
12317,121550.31
9011,7193.05
2923,264489.72
7130,155710.0
1616,127096.72
134,226491.81
7463,304647.48
15732,361098.17
3275,261013.15
6621,208068.95
10570,197457.95
6105,170859.73
6858,205825.23
1929,262349.61
14583,125781.63
354,203836.07
6378,169649.18
13192,74174.96
3602,358569.5
9148,254760.23
5459,238594.71
12800,213728.31
11077,206672.54
7301,392657.69
10775,295363.52
15009,152829.49
8770,288162.39
9996,337409.21
6810,174607.49
11364,234525.23
7252,127362.02
5910,211910.73
13187,327954.2
14678,190755.93
426,181376.24
4099,222878.44
13496,141656.93
8005,195889.67
9467,280857.68
6732,160076.7
11617,155793.02
5439,208383.38
14195,140481.03
10131,301321.97
12788,138251.16
13988,397436.21
12153,286999.28
6270,272923.37
10988,157368.46
8,337805.04
146,269637.9
3764,430819.27
5118,410685.41
11023,177712.08
2951,169512.7
10101,151898.24
4729,241197.33
8148,197271.58
15305,428897.75
8325,166383.28
1935,401325.62
2839,170254.46
1845,158238.28
2842,196639.07
14019,211885.95
11188,256608.7
15199,134517.64
12563,157499.0
5231,288857.11
7555,186435.61
10436,200238.43
14610,339325.81
5912,241558.88
12443,214831.03
15918,90745.28
11051,330720.94
2714,325885.93
10766,280799.87
15508,170905.08
12118,288979.73
9160,174085.87
12019,167714.72
12062,248559.16
9176,326010.28
6135,310614.48
6563,151098.06
5962,145387.94
5783,310808.33
2580,173952.81
802,254104.91
956,233448.79
8690,202393.44
1228,188009.73
15046,263656.44
5603,278416.25
5199,142443.56
3842,177486.85
7671,391248.16
5214,103873.66
4381,438888.07
4620,196741.23
6289,314622.88
2692,346703.4
9671,344047.48
10115,173285.17
3164,289082.68
10277,166643.82
2836,164096.4
10486,127172.88
13313,283336.76
928,203758.31
12266,247147.21
16085,179456.58
2260,167316.97
751,508864.59
5943,310609.67
10141,137153.16
337,175215.61
12212,184987.75
1910,201769.81
13403,308614.56
3061,191601.7
2733,139364.85
14115,181566.26
2446,235254.44
2183,216012.33
1926,235480.27
6044,337533.95
6783,199143.31
11437,154288.64
10625,366746.99
11817,231386.51
10545,283947.43
3133,179350.96
2690,149380.94
12705,194512.43
4707,176098.21
8509,413554.53
8065,152414.58
14342,176819.95
7809,86599.18
9403,185091.52
1874,150062.12
14313,147730.9
16466,185178.12
10740,189041.44
336,249272.43
14024,164270.3
11170,310259.1
4606,264073.24
12470,252818.3
11636,201275.77
11761,215975.62
4609,170280.64
2330,274323.99
14557,313212.96
1409,179752.83
11189,126340.84
9899,150568.68
5032,141343.51
13387,236405.18
7565,183440.22
3409,178878.0
2898,230423.94
6632,197776.22
2029,202731.5
13254,105208.95
1663,177560.54
16706,522274.8
1723,130654.79
10023,169283.06
11903,161065.14
12450,190044.5
15580,112082.89
11011,148565.83
16756,131726.43
13366,312779.25
10440,146143.95
13961,130154.04
3015,180123.75
5648,203396.34
11547,274939.65
12886,122874.14
9198,125922.69
12434,282326.42
10605,280066.92
11593,130807.13
866,110735.02
14734,97478.52
5038,223472.82
5702,294543.33
4937,333996.53
11820,211978.39
106,192609.3
7736,212024.28
591,143296.68
11462,152738.24
15858,298669.24
15205,311787.09
7607,232602.55
3457,171675.26
9129,152096.22
4161,194780.33
13565,136625.19
13575,125404.28
7522,313153.94
1419,250308.18
13109,290342.68
11539,217923.86
15627,128997.82
16080,228706.94
8818,154685.64
15655,183377.77
1649,70184.48
7741,197592.6
15168,227319.35
12810,366051.73
16689,182291.78
9976,161207.33
907,167639.7
13986,364430.46
2710,409328.77
12889,179377.37
3214,145087.74
10022,397341.67
15217,174385.42
15719,163097.91
4515,149125.29
16716,123218.67
14523,209666.97
9989,415390.42
13618,84833.01
1158,197784.02
15397,407382.23
11680,161475.13
11329,242527.32
7431,264666.83
4539,187749.84
8543,154595.57
13784,241715.63
1073,333312.17
5334,192441.08
14316,186186.52
8350,171934.85
2838,107627.27
15543,172583.22
11933,319672.84
2932,284952.93
5859,159674.35
8102,158216.08
14265,143932.99
11906,280282.26
11418,204385.57
15990,237915.33
14498,257926.65
2076,74350.88
14742,170200.0
14578,141102.78
16733,131839.09
10126,199324.18
8331,407872.69
12233,175374.63
2695,260417.03
11610,265382.91
6902,133896.68
4109,173521.52
13330,190683.64
3320,192686.33
9,126359.29
16231,144329.9
13771,147219.14
1778,174350.4
11730,190983.1
3543,184694.23
423,254881.49
6957,158481.65
12076,246756.05
4974,175679.9
5546,241008.97
4064,182986.27
7924,260993.56
6776,163105.42
7410,162072.16
8956,183692.73
4709,144517.44
11148,119309.24
14788,126463.59
12876,124698.35
1596,224421.45
16214,266996.64
8752,146981.59
12644,172947.28
4198,84761.21
15592,174417.04
10685,176078.79
14466,333053.66
16434,221640.51
14341,213014.72
12708,138010.07
13262,435950.34
11318,206373.99
2033,197503.44
15857,254967.2
16554,277314.76
10771,254605.06
15708,180978.98
11637,140830.93
2870,199277.26
7582,207102.2
9739,330393.83
9342,295853.83
6338,215109.69
13046,171950.45
12579,127614.15
6342,399279.86
7160,167880.21
1324,186928.06
12991,200463.55
13756,137298.04
6019,167139.96
10078,255854.92
2343,154587.77
16275,281762.18
5696,444925.33
1,254960.42
2248,236311.59
15628,142710.46
682,185939.41
14884,188452.23
11031,295848.87
4001,178378.78
8533,125607.55
15147,184792.56
12747,138833.1
13168,197496.41
12829,213219.81
2675,289174.36
882,147633.59
14577,175286.2
7264,140628.27
13799,222073.53
2219,326320.07
15208,431366.68
9178,181371.71
9876,246467.64
14506,142469.33
1695,156071.95
6661,128792.51
12200,196221.24
7963,216622.81
3209,185551.86
8164,304783.11
7584,268670.79
7873,278399.93
11212,288647.26
13736,198646.75
626,209979.33
6284,250259.0
13728,188438.57
7099,267161.1
1618,281296.08
7201,177759.75
5902,159617.65
15739,288513.76
9546,116721.92
9505,190789.31
7818,348835.77
15324,299233.35
7289,152459.39
4548,226900.52
13058,150461.11
13623,171736.25
2668,178657.2
2799,182142.18
3867,331931.49
8658,143752.61
9543,204980.36
987,395008.24
6209,144945.96
7939,156175.21
16478,333512.35
4258,163541.92
12738,329386.95
11027,120783.17
1741,162920.43
16198,201256.79
15975,257796.85
9224,139415.24
16792,152663.46
11729,202628.66
13121,233921.88
16528,161904.66
15677,321431.58
15433,269269.08
4,213337.49
12408,182241.81
8441,183439.42
1624,221183.84
16449,154912.14
6872,228915.35
12271,176366.84
13396,169552.33
15833,416919.4
1105,286107.55
4106,146186.78
3031,433489.42
4546,174263.68
8258,70404.66
9946,253677.24
8027,273123.14
6337,135755.95
10342,184668.53
1885,219164.09
619,400667.93
3531,153151.37
11357,186968.57
1380,198808.92
5691,181679.36
14780,364831.21
3930,272723.42
3148,447432.23
3830,113781.2
12670,113726.28
14274,311192.83
3438,270206.07
3242,129783.35
5470,251687.34
14237,191667.8
2431,257259.32
1425,159151.52
14227,417393.75
7009,206897.43
16024,183846.72
7330,214211.13
12378,242965.52
10378,287986.88
6926,288474.45
4027,222833.15
7435,186527.94
11299,194700.47
12112,215475.57
4723,192395.57
14224,182543.9
11300,202875.14
16124,197527.89
4988,160694.05
8019,223957.16
4036,151659.23
2075,176001.06
14593,156765.21
4499,242066.72
3685,388337.42
2168,241769.04
8263,183086.44
9242,186863.72
14855,322042.64
2800,367998.16
14715,305433.71
12729,234585.33
14683,251089.2
429,451214.56
723,204915.34
8170,230687.04
2770,141365.63
14395,171637.94
12326,204069.27
221,264308.18
9448,166243.47
1593,169666.75
8962,128254.55
11068,365534.05
7896,187363.31
758,148388.97
9252,199112.01
6077,156705.06
4186,323111.01
8220,228532.11
753,161695.57
13063,199673.45
5728,175852.67
10817,205378.67
7868,525726.48
8580,183839.27
11100,222396.25
1003,128473.59
4779,129482.71
7121,189694.46
3946,213761.44
4426,174389.51
11309,123180.67
11285,293778.4
8222,132240.82
1189,124189.92
16356,190558.66
446,206715.01
8530,227717.58
14289,192182.02
16009,224496.9
9692,218593.9
13489,246996.87
13010,182527.31
6083,102273.26
2707,147077.28
5898,229772.42
12994,186640.73
8796,137818.3
3009,128172.49
7033,260895.19
6615,136174.36
2235,146966.05
5565,176959.37
5869,125572.39
6384,187381.98
1001,192761.97
11540,234989.88
13967,171996.21
4097,144203.54
9993,211127.59
10166,234779.29
15928,389813.16
14584,137341.06
1962,350006.27
10363,174460.55
1097,81628.25
3430,176727.46
1672,184993.52
9195,109711.71
16193,161469.64
9076,303742.4
13030,176680.49
14459,141570.25
8470,142875.47
7810,265877.36
4342,139472.28
8551,164087.85
5555,421536.58
12190,264036.19
8875,132374.3
3179,233663.05
291,206574.94
4549,489733.31
11486,189535.05
9349,252292.23
5305,171955.09
3379,299109.61
12593,475531.04
13712,167374.45
12847,175006.21
3964,203862.42
13981,250144.25
2538,171949.33
14764,145864.27
6147,160837.7
16693,157747.72
9398,156780.7
13554,124670.04
11054,398537.98
9462,119438.24
1528,213132.93
7096,356685.31
8993,177180.37
3738,306964.1
15096,364692.97
97,352750.77
5701,301047.83
12401,212781.04
2113,328024.4
15724,318926.27
15692,176447.93
12791,269499.66
10747,218593.51
1730,130445.86
5010,206927.98
10173,172497.0
6771,163676.23
6524,184269.3
6995,363467.92
14303,210813.2
1274,85748.58
9095,161227.2
15435,58922.61
9363,189451.1
7913,424481.99
14286,217085.62
4759,190854.21
8674,191926.21
12459,224010.6
436,167056.13
13586,187190.5
3231,363442.12
8124,152100.96
1226,273548.24
6887,170325.17
8855,294732.34
1768,125861.59
1630,195598.96
13293,122599.35
5705,199509.92
9067,147605.43
2790,211294.95
15012,141046.33
2411,253627.47
12054,182047.58
15653,150373.92
278,188567.71
1828,143615.36
7031,119815.42
3906,114679.52
13027,110193.89
4505,250535.23
3927,183411.31
12396,180730.0
6394,291457.36
8922,220555.21
11446,196441.31
7546,304662.81
15150,176812.25
2988,280431.71
3077,97806.03
2111,175945.5
10235,152588.86
15784,205384.86
12113,197143.17
5645,194400.61
9326,284029.78
12895,398387.15
11733,307509.48
1201,160363.78
5253,297876.53
16547,187109.46
2378,198620.83
11477,125643.7
1984,190027.17
8806,338938.63
16722,196873.96
7893,222760.73
8821,230181.5
9816,197672.42
5133,230469.36
8377,290258.64
7319,150592.21
2326,200781.52
3492,241467.51
14868,216683.04
13464,201606.7
1137,154903.96
15733,198103.87
12108,236803.3
2564,182713.05
11080,240385.78
9084,169911.19
8744,162855.23
5915,174468.15
14622,180290.25
9818,338696.03
2376,200374.37
16788,163964.66
11363,197522.86
14256,191535.24
3701,174522.42
12627,105077.99
9235,137071.39
6012,181843.09
2189,329169.05
14736,183795.23
5252,70921.26
16708,183971.97
320,258239.05
6943,150955.54
10548,218052.47
11356,311743.59
5855,231209.65
10265,274693.85
3325,157476.81
10243,218291.99
5549,203022.97
1284,175801.95
14510,136983.19
12488,130817.06
12089,393356.15
11715,265441.18
312,114903.09
3700,201235.08
10028,386862.48
12374,295347.23
9624,358964.26
5232,433460.22
13763,250208.63
2774,191819.03
12312,139298.0
3288,250103.48
5404,213116.28
3555,191809.65
3070,215859.61
12879,170005.32
11402,145266.47
9345,169847.49
1045,236456.71
16544,167133.41
5409,178337.69
2787,271255.93
7055,203258.68
2853,241636.14
861,185787.26
5480,89996.89
15178,69321.58
13428,459222.51
7564,355116.16
5974,349215.59
16292,204243.48
11066,236860.83
5265,247234.26
1966,138543.31
1142,157149.67
1721,202409.41
16606,245773.51
7992,195225.58
3304,130456.09
15181,245197.73
14750,224528.53
16207,227743.51
14087,477671.0
3359,221452.76
5926,234575.38
12703,279189.95
15813,136282.64
11697,237790.96
12548,158454.16
13249,549850.28
15248,403168.45
15847,148180.39
3939,202798.19
11961,197731.01
1358,241189.62
4604,178737.04
4357,172315.4
5763,123728.89
11193,169112.73
14327,173417.67
10750,91033.31
306,180953.77
5043,171531.73
1343,138480.14
8981,126483.98
8809,198905.68
13563,359453.98
8617,216366.11
5398,181532.63
12061,183279.46
2246,181447.53
1976,446396.08
1729,175271.38
3980,210806.24
14213,182785.93
13944,185291.89
2321,227724.11
6624,119175.84
7751,184121.19
15418,175792.53
269,191420.72
9075,149185.73
9636,250339.7
13367,334608.94
8808,175537.98
3260,180679.3
13959,122617.93
13741,405993.76
8198,135021.35
5957,176545.69
14778,351818.07
1202,181661.18
2547,189502.4
12749,173538.74
9547,147188.69
12617,177330.35
2606,295372.41
1350,491976.2
822,198001.64
2778,224374.75
4870,151105.9
1985,209165.95
12634,169416.62
7494,199879.28
10397,181810.96
3184,200890.04
875,164994.99
4425,191271.59
6285,229720.64
10272,257092.3
4413,175870.61
10671,405821.86
16477,158115.24
6068,238115.74
3085,314459.34
5694,118532.87
13369,195231.61
7268,460007.58
10542,175080.94
5755,472672.47
5152,78945.33
12310,419720.7
7778,213120.29
12539,261814.86
13140,314550.65
2991,471313.23
6763,253212.65
9780,310524.25
14402,184058.87
12143,156943.56
15306,175379.51
6408,186229.06
14645,189209.24
5708,351659.86
4461,178723.77
2649,216990.16
10758,503402.3
2495,159051.69
12117,215268.57
6946,202101.91
12901,140820.14
15637,218002.19
625,332334.19
3028,135262.4
12041,131833.42
4885,152836.66
7232,177703.03
1897,206511.17
10380,222490.71
13762,135431.42
12954,144612.77
7621,166822.24
5067,176506.01
1851,140177.62
5042,128469.05
5170,284591.83
5454,159180.35
4423,207108.27
9137,322889.18
1200,182160.27
1134,182359.03
2363,390990.77
8946,198568.96
10223,189561.09
834,333345.76
14667,203892.46
15963,212524.3
14232,163670.21
9549,137065.3
16132,152651.12
14712,303597.73
4623,321111.99
4089,259480.41
16054,311122.04
1805,333131.64
1138,372521.57
12929,204735.74
7529,110869.12
15818,173669.73
11222,214127.32
923,223616.14
10708,151918.43
8742,118141.57
648,216590.76
5287,383071.48
16378,272067.91
9837,441221.52
9653,186139.87
6568,183341.49
9930,202332.61
1823,420763.51
3194,163049.11
13453,287083.76
10226,217864.21
10301,210947.4
1186,202482.08
12857,118952.82
4883,191912.99
2854,191686.45
16744,240938.64
6559,238456.83
1986,164157.51
11373,216391.31
10019,184880.04
2322,144751.4
2214,211296.74
8759,203712.01
12228,555568.36
9563,317306.34
7271,331824.91
1161,131707.99
8436,166078.59
390,370732.89
2238,180620.67
15247,335631.8
2728,102397.8
13277,211151.0
6320,232686.46
9152,341457.14
14741,339413.78
179,170712.36
4699,351987.0
6726,138821.74
12516,149524.55
12405,191989.01
14354,245772.72
11036,274635.99
3805,286966.25
12287,253281.01
13915,185916.5
13935,194191.37
4463,406434.26
14057,166371.21
3897,139109.37
13602,91389.89
14652,165335.97
6533,209888.34
5485,207741.79
5037,180093.5
2179,189615.77
4786,221130.68
940,144457.77
13801,115089.62
2311,162088.1
15753,227549.21
7725,148591.48
14405,199620.66
13461,187547.98
14096,188805.22
15634,240897.62
11208,213081.18
8640,262527.16
13666,126885.5
9169,194502.14
5839,122664.14
5936,153922.59
8843,248045.55
10815,229652.67
12717,225863.27
8548,354034.91
8230,165512.49
11321,196225.81
9767,183364.62
497,177336.69
9143,160556.49
16166,458723.31
15231,165202.97
9568,231470.32
13185,129226.58
3594,207974.53
5924,144170.89
2949,186125.42
2762,221310.64
2017,238769.51
11116,253345.43
6626,216409.68
13055,195738.2
7852,171516.16
7930,193248.25
10694,115987.78
5922,282285.75
9209,320413.98
9278,214408.25
1482,151799.18
5671,211213.69
10618,187015.1
7303,158283.56
13702,195487.61
6451,246667.85
1761,141025.63
14567,194128.86
12064,187027.02
8526,235014.53
4270,152711.52
9845,192368.3
15987,264575.04
5923,199137.99
13302,248676.81
16052,242196.84
1613,226996.64
7662,250841.8
1705,196467.28
5845,151776.66
8873,135923.6
2798,105229.43
965,420802.07
1355,162235.04
16596,192159.48
5296,127612.74
14032,140926.67
2451,187946.87
15949,227691.59
4393,419350.71
764,169739.72
5317,208897.82
10610,213949.13
10646,147364.96
7695,156387.37
12743,106808.3
1837,197646.12
10674,178568.07
14979,238471.07
6683,245421.67
6587,171673.55
7266,170456.72
10136,138016.77
1048,204027.45
4677,186351.95
6976,342939.27
8120,174773.34
7461,312183.16
4229,175391.8
15983,130580.87
7147,349736.1
10409,249145.12
4041,205245.58
4431,279964.9
3196,197436.07
9825,239167.7
3284,149180.3
3838,153884.92
9183,164791.65
8100,270684.68
4922,184930.36
10798,106814.18
2873,210420.86
1952,168135.83
6474,174721.17
12695,204287.36
16195,138684.81
237,204737.01
13952,180346.3
11350,193454.94
946,176771.36
5985,131395.87
16427,197500.72
13937,180397.32
876,178312.01
14371,177838.29
5527,253408.7
9220,148995.62
11726,176329.54
2966,229320.11
12725,171289.04
12457,169974.03
16515,151633.11
10969,123437.86
12647,239042.82
3926,280878.14
4302,158122.01
2508,198155.36
8718,186021.37
7678,229835.98
12912,270068.42
5935,177451.5
4634,142506.15
6208,220878.73
7833,171117.37
6449,140618.13
10692,183108.41
2676,177615.73
6723,182144.48
16727,242688.73
5356,182370.93
13386,172634.85
7813,209750.78
16321,146063.2
5500,179936.04
1917,317548.66
11065,193076.54
2809,207737.01
4220,281723.35
16412,176848.23
14670,212610.58
12787,181165.31
3843,216990.9
5953,355578.6
16182,305313.57
1406,256396.08
16382,109547.16
11650,267981.2
721,201653.25
11045,197984.91
14478,186840.97
9214,257735.26
8615,170076.06
8334,267142.2
3389,395583.96
2681,108566.13
2373,213549.72
6031,191660.2
2452,157653.28
14305,207086.74
9484,187920.47
862,201904.7
3422,338009.54
304,245655.07
7697,476587.1
16394,116633.97
2882,254800.21
5600,191617.61
13649,195983.59
3440,194084.77
12920,88749.56
13733,164623.67
3106,213518.83
5959,221503.91
7748,224703.96
6345,126275.85
14551,171621.32
9496,291001.21
7180,313953.68
7883,205945.58
5875,168144.55
5126,335584.53
15605,211255.86
7306,169196.04
10020,183608.94
8909,371892.16
6719,190606.18
5243,181299.8
8971,112766.97
10062,271078.3
11962,230301.6
13462,213665.22
8986,148601.61
7320,262860.64
15855,363987.01
9415,161417.48
11908,186681.89
16582,198987.64
5573,331565.34
6704,146389.1
12499,216017.29
7110,149040.38
13600,384103.72
772,254986.57
5155,181615.89
14191,246874.76
3734,348038.48
2860,216552.28
13680,127644.05
9879,300454.01
5333,177972.36
5208,158060.88
188,179127.61
11440,149499.22
1165,7566.47
15559,166914.16
12706,176191.17
27,151146.55
4611,199264.84
12937,145926.07
16276,331725.35
6153,150664.17
12058,156179.21
14982,219591.34
15195,242368.3
778,201413.04
10769,141802.93
3268,210736.64
1286,178674.6
5450,313089.79
1221,253313.7
9940,178692.71
13325,225747.72
12270,252942.67
8822,210494.65
10897,173837.15
9330,242636.56
11984,200076.97
15056,266210.68
14954,241198.72
14905,205712.13
5219,211613.26
6613,221233.09
9139,120822.82
11456,156829.67
16626,318902.93
11247,180956.68
9972,196451.0
2631,159347.44
6526,112236.9
192,228017.79
14160,176675.6
7623,318974.38
5468,162525.94
11331,220650.67
3308,116274.9
16154,187108.45
7526,231416.28
10174,170364.81
786,332148.28
3956,420803.66
11499,188206.1
2105,219043.69
16065,210050.64
5999,88511.55
1060,261708.19
4805,390826.68
14876,181940.76
1411,180734.76
6989,143120.7
9869,314126.75
1272,225216.06
13306,177741.67
4853,270917.75
210,190672.59
4466,223385.59
2954,240193.14
11110,183238.83
6576,185119.27
10424,225553.47
14269,129424.93
7491,235136.19
2158,171369.09
7386,166606.03
10555,282929.41
13,196306.55
10184,121376.01
15576,142837.23
10698,217162.23
5375,171463.05
9089,211273.96
6126,263136.38
6973,159585.08
15437,231724.51
5000,306364.91
3690,195467.57
14190,171099.96
14930,185212.1
13468,149530.38
4658,312166.94
9111,425996.23
14766,127259.81
10291,200926.03
7295,200319.47
7394,254744.06
3936,228780.41
7127,432185.58
11822,258699.76
908,209495.07
3669,309646.81
15641,314602.5
7585,392024.74
2569,124525.25
976,162049.42
16111,152589.54
10258,152986.47
13075,297005.55
13059,202205.33
5893,177540.61
2308,251625.82
6724,165027.66
9533,173856.88
2122,126938.62
3047,189609.81
8558,159075.43
6977,387349.38
9526,201603.2
12127,208067.29
385,321217.14
13382,220971.63
4135,126856.55
10162,215524.97
6932,127699.48
13321,181854.93
3925,164663.99
14794,156177.06
15151,321681.9
7125,167579.93
12017,147343.75
12288,218361.89
5618,141814.81
14018,167115.67
16465,203039.47
5268,80988.28
14685,124824.25
6477,148853.22
6618,390785.96
12521,164354.2
14749,265141.32
783,145669.85
14120,172500.97
6367,329964.93
9493,203717.67
6941,91281.62
178,284608.34
15073,120687.6
14594,183402.76
8622,91590.52
3740,185337.3
3065,125298.52
11752,151670.81
9928,142730.24
329,205335.33
15064,147552.92
9887,173962.01
3263,184220.18
3493,171365.29
5424,167451.55
2560,176411.48
7914,327958.53
9969,219493.22
6223,174202.7
3043,262600.44
3147,149517.3
9366,198556.14
9907,151496.89
10532,289794.76
14417,167719.43
12526,181373.29
11504,137448.21
15999,268097.96
11879,279102.16
7373,253030.75
5654,358493.98
3495,213639.98
7307,132574.82
15417,212530.52
6505,168440.41
7213,168942.69
5107,308877.05
3481,153753.48
11968,349100.09
16723,168799.65
14963,202697.26
2314,122776.78
13224,194158.25
7759,128620.07
13954,241876.52
15957,405612.65
9322,271614.82
171,151983.88
6464,327868.61
12195,183461.1
3008,257622.14
11533,160034.04
8792,248369.32
13966,324593.53
3677,181087.15
10647,267577.24
10974,175356.64
11973,129396.0
12958,178601.18
9952,191456.11
15190,357132.99
560,362067.93
11684,352071.85
3366,121915.74
2163,253378.45
2229,141017.98
16643,362369.96
6554,189477.02
15889,184519.25
13411,218232.15
3818,257542.81
914,202066.44
15357,175705.41
264,205580.87
12055,211024.08
12506,286733.8
9986,199064.76
7200,377912.15
15970,162795.35
7485,196302.98
362,151571.76
2493,117025.87
7424,143991.79
7746,206751.58
62,177349.89
12124,344696.94
343,227225.89
2421,278943.29
16110,167022.58
13689,190322.31
10035,317519.39
15361,170131.4
10373,140624.41
16688,144791.33
9368,178741.35
3416,184122.19
10663,196315.23
5286,170139.18
12622,170364.91
889,232024.78
7471,164354.82
10154,178496.97
14789,162672.31
14818,233164.29
526,211190.69
11780,177114.84
7740,242263.66
9329,170435.47
7255,228288.36
16718,105141.91
14413,156850.5
8950,369925.66
7254,306732.46
5881,179903.71
16737,216095.3
9151,388179.01
9324,237901.5
578,171488.48
458,203315.79
2261,534704.34
4532,179665.11
10505,158213.53
12168,187700.62
5381,150194.48
8190,189988.73
7661,491634.68
2578,279925.93
4780,210464.76
1538,299730.83
14064,165820.87
9515,164175.07
1254,140745.55
2151,164801.24
3024,161498.93
9799,179534.39
10455,151341.22
13116,141143.26
2575,307769.09
7991,180294.99
11147,198022.09
12618,246978.96
11524,214794.48
12350,129378.06
9009,133921.85
1746,158833.52
2773,236594.57
12679,431772.32
5777,194966.11
9991,202708.02
5473,276278.25
2094,145672.57
12482,219348.34
9693,115735.38
6699,117266.68
4603,196643.35
4205,230486.65
2764,250793.03
1542,261243.7
11336,76367.52
13791,197041.68
14462,175064.76
7739,323481.43
14496,179979.41
5868,176815.62
2789,263492.62
4862,140820.28
319,173045.05
3172,175565.64
5674,176478.27
5048,250696.07
1245,409492.68
5906,174392.61
9108,176976.07
7788,183796.52
3315,184076.34
7165,208984.63
15612,242724.45
7693,72021.01
10795,180579.94
5659,193802.14
12551,304825.95
3459,256978.53
14301,193952.15
1645,123576.12
5529,467098.22
1297,135043.9
12463,225759.47
7141,136907.84
6334,176116.52
4221,422642.29
12383,296577.59
15622,174037.48
9199,140917.35
4897,182062.74
14203,142333.83
5349,139236.37
2531,134457.31
14935,142378.26
941,223627.07
11298,209013.19
15545,206872.45
7413,97702.7
6507,190190.81
5308,128781.02
7724,167787.45
14089,166235.17
5090,152111.19
15314,119907.85
15668,197591.06
14202,141636.14
16390,194988.62
1501,306323.9
16098,185405.94
4533,469565.53
11010,171581.94
8129,219409.99
3733,193036.71
7191,199764.77
5669,195751.67
10727,186861.02
2023,153926.41
6766,204069.86
1995,212517.83
6935,364904.95
4584,158787.39
9901,205257.92
16374,211668.08
9028,203522.5
7013,229240.66
3014,200402.91
7965,239784.29
653,118299.78
12103,178449.36
14000,306401.87
16101,227626.1
8147,237711.69
14304,186817.25
7371,152727.57
2779,167890.13
1781,214395.2
8516,126618.5
5298,181035.63
7948,224933.33
5177,176642.2
863,332096.25
8318,128746.73
15712,165163.86
8010,201031.49
7351,152199.19
7654,210273.69
1860,191050.87
16734,245915.28
2848,175429.76
4216,205460.97
12398,315295.6
8982,577313.27
13414,198759.0
3120,333355.3
6071,171689.71
7743,210398.02
1346,237367.61
11643,136749.24
4301,244177.28
16745,147840.64
8726,348064.48
13819,155152.24
744,174624.66
12094,240312.0
14004,208200.44
10891,276471.96
6736,216194.21
10613,285719.87
76,357709.5
1261,193733.16
6033,286339.87
16482,177065.59
3480,177893.59
4007,346422.82
6937,410962.83
6178,185337.0
14633,136210.59
9382,358355.21
11971,279215.61
14461,189533.69
2509,183374.2
10714,322191.77
14363,198697.75
4244,159234.84
227,165748.83
4498,261097.19
9453,141573.23
14134,180650.52
13920,296063.39
15077,250754.62
6680,116304.72
1899,318661.51
516,161466.36
3213,311225.78
8944,181950.42
3726,299047.82
6380,239396.46
12849,195238.71
12751,158917.56
3139,366300.2
13621,145123.09
7115,269371.07
4830,163318.69
10785,397246.62
4248,288622.59
2161,243948.74
10707,174299.09
13314,173066.82
3658,180262.52
1738,252308.33
11744,254707.8
7407,189435.3
5169,116028.2
3821,153929.75
5805,188854.44
1573,208444.33
12131,423508.02
15806,280243.63
11672,332133.24
3892,202781.44
11727,207218.38
16319,197682.99
5055,128877.15
14296,175655.44
10905,183019.89
2590,213951.29
4475,188856.48
3313,223290.13
2464,361658.4
12184,208131.83
14886,152666.04
1385,146011.77
15561,149429.4
9884,82948.03
9895,212717.92
16307,210664.26
2978,223614.66
6553,467545.22
3951,270016.38
1555,250470.65
8502,96431.07
15095,222047.35
7372,196235.12
4385,265559.05
4362,179417.0
13831,183394.08
6489,325294.97
3098,185759.35
6268,153708.98
11688,276339.1
12426,186653.62
13894,177605.8
7239,128204.98
425,362915.42
3425,110574.09
781,185451.54
6206,398970.96
6543,207500.79
13646,251546.29
1686,241633.49
10664,189956.47
13420,134297.71
14300,108154.05
10604,256879.16
64,197410.31
2786,189457.81
5622,205198.68
10123,260116.84
4096,210136.77
3502,175317.94
1758,127102.11
3570,127982.39
7227,227013.52
13451,179791.32
13668,265904.34
9599,198110.8
5260,326332.43
10087,214138.84
6075,288494.2
15227,392033.06
7864,215164.59
15836,113557.79
16267,201855.11
15771,243165.79
7644,258179.05
6026,209828.07
14857,225088.11
12003,204132.49
3770,144438.02
14196,396937.58
7468,158697.63
12165,307750.0
14233,125570.38
9126,148734.94
7229,184803.04
3384,233793.19
6401,289436.41
10877,280468.46
6045,186131.39
10901,256485.06
8999,236709.7
16355,216997.12
5110,397557.71
1474,162676.68
15023,263486.75
82,179729.66
321,228980.1
8236,419259.6
123,224810.7
7210,121755.03
8979,204728.61
9702,180252.27
9258,222259.38
1402,204409.13
15587,138926.65
14438,276890.98
9133,206248.7
9672,165855.53
9313,156979.12
1353,240685.93
514,224346.4
364,157976.49
1895,310995.02
206,331850.64
15290,206336.69
13504,198785.81
14673,149323.55
15642,279475.49
10729,208658.26
5837,417596.6
395,158340.1
3679,146892.19
7673,194122.07
7785,228953.48
10264,102339.12
7962,148417.04
11683,237536.21
15650,186091.71
4247,175132.84
14721,206235.71
11717,230671.29
5593,398774.75
7855,14546.39
5196,205482.69
4245,154498.12
11424,171861.98
15203,185240.88
14149,179739.52
1352,195750.36
16135,222686.69
7054,122165.09
2044,309286.47
1503,194802.82
14094,174097.14
12235,172284.03
8189,478084.3
16588,294824.22
9957,128768.57
9457,164217.55
3199,188313.85
10789,179113.05
5262,194134.59
6854,183033.94
969,183207.15
16613,173835.47
12748,242398.88
13926,250071.78
7390,325379.96
14971,186308.76
13103,255317.38
3616,141311.66
5860,153478.95
4162,198383.91
12144,177989.08
8544,453514.7
3238,187749.73
3341,253147.84
12864,249969.78
9101,154500.54
11325,191278.51
3180,188787.61
1965,289456.96
1893,390069.04
12668,207755.57
15030,114331.51
13404,87189.62
807,103944.36
8515,293481.83
4695,131355.67
4761,175571.35
12203,126567.07
5347,181978.96
13399,374303.89
13858,151065.87
12505,238919.61
2442,359836.9
15245,331739.2
9898,113717.38
11651,152452.56
6259,137619.04
10520,382416.55
13599,141739.57
9694,222135.03
12220,307854.61
1529,125344.18
14853,206852.44
16750,165617.85
3630,142906.16
15943,194274.65
13828,371763.81
15618,125469.61
6130,176632.8
14219,163220.04
4276,226996.07
12798,162075.03
14215,437818.84
6290,207167.04
16625,190784.38
4067,243984.9
3552,186739.18
3804,179138.56
8465,230585.94
4395,206396.91
5682,268607.55
14241,199063.38
7489,131649.48
12468,144141.18
15608,200852.83
16783,303737.25
11500,532444.6
9154,180769.86
12474,153282.62
6620,255181.2
2334,257942.28
11545,143855.86
2981,184451.52
932,131063.84
3466,107898.41
16367,156279.54
7737,230679.16
9122,128379.33
13015,203740.14
950,226231.25
14806,173143.99
7354,186110.33
13706,169414.3
13993,278888.99
10577,136111.64
4592,226327.17
10295,140456.64
16432,322004.51
6453,152673.84
621,358375.33
7114,307191.85
6310,205930.58
12769,141719.72
12078,192917.77
10073,153365.99
11732,154983.25
3146,250530.83
15028,131059.84
6718,184754.82
6256,187712.33
14217,220722.33
506,188012.14
5013,276316.19
5302,143369.42
15453,143965.34
14535,257802.5
8160,254802.17
4075,135803.98
701,260929.95
5807,192852.93
8469,264761.06
419,259321.29
2524,237441.68
1633,109347.62
2729,203387.69
11838,142927.47
6052,140718.8
1248,370104.06
6677,191241.15
1347,295761.09
8673,138445.18
7848,204076.9
2024,202467.63
8410,173114.4
11855,454254.03
16426,205549.05
1129,355072.02
10596,194816.27
12640,157241.74
1415,101639.43
3250,202234.21
11081,149994.34
2767,191641.89
2638,139217.08
5377,239952.16
5436,178478.8
10215,176266.23
2662,114597.61
6476,185678.63
618,139114.32
11895,182476.85
2292,168200.18
30,170143.34
1988,195792.03
13093,234630.94
3786,94895.54
7481,208262.89
11379,336688.48
3352,327217.22
2828,247845.35
10888,391423.42
1119,215532.06
4848,235184.5
8265,111062.14
4774,143951.16
16659,239818.73
845,314726.6
8002,256639.74
4583,257806.16
7640,220561.58
2132,404584.57
15218,171003.2
3265,196601.77
10552,254688.73
11551,181516.26
6955,125407.3
1802,161661.22
3258,195850.64
3929,146448.51
16647,122049.98
15419,145205.7
375,184409.95
9666,498581.0
8920,164988.13
398,283672.63
9583,101881.82
12655,244685.32
9282,195285.45
5057,301363.9
3279,280866.15
7187,103445.35
2428,94077.67
13916,220039.0
6406,187433.52
4224,130451.89
9906,269348.95
11094,145756.65
15896,138901.53
1397,473448.92
16704,434673.29
1816,181108.32
16043,161244.82
10670,205657.55
15967,254871.99
8740,312993.02
4110,179046.57
6402,239353.67
7551,133879.6
510,231724.91
15664,312769.57
4148,214944.8
4023,266261.11
8560,286835.78
3715,208365.94
4902,250557.94
6461,205875.32
8651,139300.87
9172,231910.84
14080,157230.1
594,153788.98
8159,468841.75
12700,219913.56
3932,150895.31
5651,166108.25
12525,177681.5
9621,117218.95
2166,172487.7
11319,216192.3
16032,218195.33
12185,217843.44
13974,228059.75
9683,301100.63
13655,300951.32
5140,121998.21
16325,263774.52
7261,194410.26
3434,215283.03
4444,260813.12
1804,111713.19
3160,135805.23
14609,111993.88
6675,223642.48
13984,363848.18
9372,162438.04
10929,215156.41
16208,305150.7
10133,120604.41
841,171992.75
7885,225686.11
1331,185109.17
7615,218332.22
11503,188099.62
11509,117725.81
5581,107007.35
14579,172110.09
8994,208300.17
10333,163008.33
10948,186533.81
10014,137491.74
4010,319354.33
5393,122341.78
9318,178283.51
5635,73150.29
13478,164469.55
13573,203506.6
6218,130456.23
5916,182977.71
16486,369647.19
5615,169005.41
14483,169995.29
11307,192202.4
11333,166422.59
7762,218414.34
13139,264659.78
14538,179133.41
14761,266775.1
13442,261011.52
835,180145.6
15275,224333.41
13908,148202.73
15237,197185.46
15616,177899.49
12420,169545.68
5165,195757.89
5091,194424.87
14626,149826.81
16485,125836.68
12564,408027.47
11169,181584.53
14017,149643.13
4445,281134.44
7735,144823.43
10654,330103.34
10365,174037.26
105,309410.12
10878,284144.96
14639,281494.42
2756,195082.13
4364,150429.54
16551,178881.23
54,262578.96
10982,276085.55
9314,211663.16
7847,195173.87
8081,249214.36
1585,234397.82
10441,164116.44
16123,269331.34
694,220674.99
3823,245164.98
6967,244099.22
273,203860.14
15406,259013.85
16472,143548.63
4562,149484.39
10267,412657.57
547,187319.37
1166,336649.07
11390,123930.31
8021,124530.82
6179,73517.8
13134,328828.04
1407,174105.82
2691,167469.3
4572,140667.58
15049,172955.23
12669,170318.4
15271,344624.53
4535,225547.13
12720,179327.17
11689,126144.8
11452,72969.06
8905,187065.13
3650,201435.15
4728,324865.24
3316,179068.49
1241,169565.2
111,176335.4
16105,192743.98
3472,178437.2
13409,338059.15
10624,406381.7
2940,307635.61
11371,127812.53
15110,145591.62
13589,360906.02
197,110824.78
8415,275402.82
5403,391268.96
10350,215177.41
13240,363903.6
4485,180534.5
14006,197505.82
11324,180512.06
13713,229877.85
12346,274730.21
5312,123634.12
8968,162351.7
8954,200694.83
2974,168940.16
4600,237624.85
4306,405632.79
12081,218894.45
6909,205239.21
7064,269959.96
8180,257726.73
3969,89091.78
13475,152061.55
3882,420421.25
1024,185120.95
4200,184611.31
14852,217024.14
11570,210743.13
7902,130770.53
997,226784.99
10286,136844.87
5195,207066.53
9476,188005.43
988,239432.67
13581,180999.97
5240,224382.68
10907,206184.69
8878,194087.71
15228,307749.81
10523,199737.89
7927,364513.78
4867,186276.93
6325,112285.33
4625,150690.13
11253,399523.54
9922,183898.08
3725,118026.24
13826,354190.96
10612,175826.68
9196,266759.76
10859,178297.57
16397,160757.46
3509,505119.26
11334,418950.24
2858,263899.85
2924,222209.94
6924,186234.81
8305,197338.05
12598,258314.11
16240,177630.54
16357,123504.61
3645,204446.78
10667,332230.22
8754,314093.5
3423,152945.77
16143,224227.61
13473,327653.1
3540,378320.01
10448,372301.28
8295,204003.11
2610,165263.35
12916,101798.26
7946,241379.43
164,101597.0
12230,161092.68
5006,187628.53
6322,143979.75
4273,394332.33
14770,186073.97
651,185941.26
6816,187851.52
8048,189363.39
8910,218743.91
8984,552622.66
7782,137789.85
7950,316853.18
4215,193601.34
10077,242387.78
195,201803.83
11932,216282.65
8047,158671.02
1489,146351.97
11019,179030.71
8155,252716.75
11444,139631.61
6607,142165.12
15929,215445.92
15721,213345.83
6273,213446.26
3418,342272.76
9311,153666.81
11280,158242.89
6427,157742.35
12249,129384.93
14632,234397.71
13567,137498.85
2604,197373.82
13845,129435.89
12898,151207.7
3640,175901.08
11143,212151.38
6463,188172.98
5604,235296.96
6511,151318.74
6825,289786.87
6754,169567.29
2612,204850.15
281,192924.93
8186,178180.03
13786,173841.63
5040,378193.72
5856,200371.14
7853,164594.17
792,152678.57
8487,289904.29
15017,159671.22
1151,172308.83
6443,229308.82
7938,256987.72
2423,127063.85
6716,163788.1
7169,134287.76
9060,273017.55
7537,161862.9
160,163499.18
6954,168223.88
9501,511916.43
6811,348932.19
6174,126733.65
7134,181657.13
1110,121987.57
11845,123337.69
3536,165218.11
15856,220247.01
14071,146466.39
9316,322444.9
14916,149844.39
15912,257672.48
15115,240001.99
4871,206583.36
2106,190581.12
1685,112831.17
14180,210631.29
15431,143682.34
12365,194117.41
980,182868.28
3847,248180.47
8151,220282.13
190,183522.22
12116,369327.48
11295,351142.15
7989,166418.18
3156,382416.6
2990,141962.11
2262,292436.06
16435,180984.8
2427,166644.74
9438,150557.49
13252,185618.28
208,197056.11
11946,142759.17
4720,153244.21
13250,176016.01
10749,179093.24
12945,205789.99
3586,168777.02
13827,71546.82
13095,167311.23
11491,361437.39
12042,196586.04
9234,167759.34
3270,197331.37
8058,191076.3
15371,386492.19
856,187039.39
4929,139535.32
14199,116060.8
9835,179055.29
4816,316486.84
16422,202560.16
16617,239555.68
6113,220240.53
12320,232910.94
3346,150235.83
9485,239269.99
14335,282433.3
1990,220220.36
9667,174443.03
3637,191983.35
13094,160581.68
13691,108460.16
230,272679.29
6658,140161.81
4375,348147.28
16730,232057.47
11770,172589.89
10823,129225.62
8352,137881.06
15149,228671.45
11124,356747.33
7338,123700.07
15862,305553.44
14101,176780.38
1972,372897.03
12053,143425.88
12513,202809.9
4669,231530.54
3913,201036.76
12529,191349.79
3648,159631.14
4408,148913.58
9167,198023.91
3894,117721.99
8412,179186.89
8451,215539.08
4612,222294.12
15765,169909.56
5787,144186.56
13074,148261.66
10643,194206.15
4019,224861.56
14307,235925.36
12432,175670.94
14013,182931.87
14382,186603.73
15220,146761.75
11958,457604.65
11430,198052.93
9782,172518.24
7603,186277.72
7240,183654.28
5319,138701.23
3598,422896.39
15090,221410.14
8152,126957.31
11797,88655.53
15567,233209.17
3520,191057.48
13945,228977.82
2114,295971.4
3967,229736.51
6765,122321.53
11453,269577.69
13837,168602.55
1257,241661.0
8911,172607.75
2291,298716.13
3691,186717.14
15748,301864.2
13305,346177.05
16283,135817.64
16248,353164.99
11877,204468.05
2444,161302.72
641,211632.32
7344,187486.72
51,242982.12
6187,384144.99
11475,153275.74
13374,264199.44
8498,205127.42
10255,254211.59
12314,235109.02
11525,184109.26
14595,213028.33
11787,121973.5
8321,330620.28
14869,138584.62
10637,289510.93
2184,190970.74
16789,227456.37
10808,192467.64
615,187296.92
6096,193105.82
10966,190892.91
11291,156394.2
1338,153177.7
16217,283442.73
14540,204844.69
15581,169674.06
8689,333685.83
4538,180499.41
6877,127287.89
326,170054.84
2088,88715.56
9136,175061.6
7197,214056.2
12504,173303.84
9236,195730.44
9386,309489.89
6853,168638.14
1006,174653.61
6669,355141.44
7769,412796.24
10623,180864.49
8975,119758.42
998,252459.93
10281,198690.16
15565,144546.4
16072,305212.51
9851,162068.22
8841,101283.27
15206,148005.65
16677,155520.96
1957,187523.02
917,311704.21
16152,253678.05
4651,368457.77
9602,322163.82
1028,294586.27
2267,190134.46
16525,92290.55
4872,242507.45
6246,184363.39
5801,166923.0
3873,179486.5
971,157171.43
11640,135368.74
16531,185633.42
417,150417.07
9932,149976.09
5692,348595.99
11152,258794.11
2725,190818.23
4016,203724.76
3834,363175.75
1681,180332.04
9331,214700.1
14015,181173.01
14548,211936.67
7514,232906.19
11384,208272.84
16230,196062.61
13079,166940.43
7107,161690.63
15180,351141.64
8948,166142.35
1622,166951.46
14671,366593.99
15984,241294.86
8546,149875.08
7581,271513.82
13303,503382.64
16256,409275.7
14544,188849.98
11498,176211.6
6287,170019.09
8578,222170.42
4896,188147.64
15795,144562.41
8267,125081.59
6445,258286.47
1829,144838.12
1907,92441.3
7021,204769.61
7460,360745.98
16611,152943.07
9033,141995.53
3344,170244.02
13751,183769.25
9665,156900.94
14298,124101.06
10375,185855.95
14986,215438.65
6904,182653.77
6456,168925.89
8227,188394.58
3523,304924.81
13842,113943.39
13900,222316.19
6274,117767.11
6011,350437.03
990,173329.25
11589,207362.06
15016,188473.9
13281,186978.78
16301,160944.46
6175,177055.67
9820,113409.52
12024,206391.8
2535,155276.37
14486,427020.18
9973,153209.39
153,242735.46
16215,170928.59
102,162387.03
9888,336022.76
4285,208499.07
4330,146445.97
10156,381571.8
10601,139894.79
11519,473093.3
113,177843.79
11705,127411.78
8167,189384.31
4047,251017.18
2443,149051.82
9232,260962.02
12615,162472.91
11742,194962.96
947,288556.05
15412,84221.54
13365,391538.56
7432,107600.85
52,317994.27
3177,176417.7
16228,430705.19
9416,180691.11
4429,170352.9
6330,346890.0
6866,200593.02
13494,221514.95
7819,176407.58
5873,147860.74
4963,232468.37
11573,132698.13
10150,311545.96
14793,138137.55
12873,181835.08
15243,275615.19
4821,274858.69
11709,299009.42
9596,159716.51
8197,140717.23
9519,202347.32
5796,172308.62
2812,374214.22
10616,234975.08
3382,158261.35
11890,207680.69
13069,194732.27
10158,198783.19
8252,195785.6
8834,182747.89
14676,143865.78
13060,241056.55
10379,173346.33
16138,414790.33
3912,159037.5
5722,188209.67
11004,286479.89
